City_ID,City,Country,Date,Lat,Lng,Max Temp,Humidity,Cloudiness,Wind Speed
0,Rikitea,PF,2022-09-28 21:10:06,-23.1203,-134.9692,72.12,61,99,14.12
1,Albany,US,2022-09-28 21:08:16,42.6001,-73.9662,63.05,80,56,1.01
2,Qaanaaq,GL,2022-09-28 21:09:30,77.484,-69.3632,26.76,93,100,8.66
3,Mar Del Plata,AR,2022-09-28 21:10:07,-38.0023,-57.5575,55.94,55,0,10.36
4,Nueva Rosita,MX,2022-09-28 21:10:08,27.95,-101.2167,85.91,25,0,10.47
5,Puerto Ayora,EC,2022-09-28 21:10:08,-0.7393,-90.3518,76.96,88,67,7.0
6,Quatre Cocos,MU,2022-09-28 21:10:09,-20.2078,57.7625,70.09,68,28,15.5
7,Herat,AF,2022-09-28 21:10:10,34.5,62.0,65.21,31,0,7.76
8,Yellowknife,CA,2022-09-28 21:10:11,62.456,-114.3525,48.9,45,42,16.53
9,Georgetown,MY,2022-09-28 21:10:11,5.4112,100.3354,79.9,89,20,0.0
10,Moranbah,AU,2022-09-28 21:10:12,-22.0016,148.0466,61.66,86,100,3.4
11,Tanout,NE,2022-09-28 21:08:10,14.9709,8.8879,90.99,32,81,9.15
12,Kavaratti,IN,2022-09-28 21:10:13,10.5669,72.642,81.19,73,49,13.58
13,Roma,US,2022-09-28 21:06:03,43.2128,-75.4557,58.95,78,100,14.0
14,Semirom,IR,2022-09-28 21:10:14,31.4167,51.5667,56.5,18,0,2.42
15,Pedasi,PA,2022-09-28 21:10:14,7.5333,-80.0333,81.07,76,94,8.61
16,Haines Junction,CA,2022-09-28 21:06:09,60.7522,-137.5108,49.53,57,20,3.38
17,Khatanga,RU,2022-09-28 21:10:16,71.9667,102.5,25.72,95,100,12.39
18,New Norfolk,AU,2022-09-28 21:10:16,-42.7826,147.0587,47.7,82,100,5.01
19,Tabou,CI,2022-09-28 21:10:17,4.423,-7.3528,76.24,90,67,10.71
20,Airai,TL,2022-09-28 21:10:18,-8.9266,125.4092,60.85,88,53,1.79
21,Busselton,AU,2022-09-28 21:10:19,-33.65,115.3333,53.87,86,1,12.5
22,Geraldton,AU,2022-09-28 21:10:20,-28.7667,114.6,46.81,93,1,4.61
23,Hermanus,ZA,2022-09-28 21:10:20,-34.4187,19.2345,50.81,80,100,5.95
24,Beyla,GN,2022-09-28 21:10:21,8.6833,-8.6333,68.56,96,53,2.21
25,Victoria,HK,2022-09-28 21:05:24,22.2855,114.1577,84.25,81,65,11.99
26,Port Elizabeth,ZA,2022-09-28 21:10:22,-33.918,25.5701,60.31,91,41,5.99
27,Torbay,CA,2022-09-28 21:05:40,47.6666,-52.7314,67.87,96,100,12.66
28,Ushuaia,AR,2022-09-28 21:10:23,-54.8,-68.3,56.86,44,20,19.57
29,Felipe Carrillo Puerto,MX,2022-09-28 21:10:24,19.5833,-88.05,96.03,34,67,4.7
30,Yagodnoye,RU,2022-09-28 21:10:25,62.55,149.6667,27.99,97,100,5.14
31,Kloulklubed,PW,2022-09-28 21:10:26,7.0419,134.2556,75.7,75,100,4.81
32,Upernavik,GL,2022-09-28 21:05:56,72.7868,-56.1549,30.88,93,100,8.37
33,Sao Filipe,CV,2022-09-28 21:10:27,14.8961,-24.4956,80.85,81,77,6.78
34,Njombe,TZ,2022-09-28 21:10:27,-9.3333,34.7667,51.01,89,7,5.03
35,Borovoy,RU,2022-09-28 21:10:28,55.4333,86.0833,33.08,93,100,8.95
36,Mataura,NZ,2022-09-28 21:10:29,-46.1927,168.8643,49.48,99,100,5.08
37,Hilo,US,2022-09-28 21:06:11,19.7297,-155.09,89.28,69,20,5.75
38,Punta Arenas,CL,2022-09-28 21:09:27,-53.15,-70.9167,55.51,50,0,28.77
39,Arman,RU,2022-09-28 21:10:31,59.7,150.1667,39.02,96,100,8.03
40,Avarua,CK,2022-09-28 21:10:32,-21.2078,-159.775,78.85,83,75,11.5
41,Matamoros,MX,2022-09-28 21:10:33,25.5333,-103.25,82.51,39,75,8.05
42,Le Port,RE,2022-09-28 21:10:34,-20.9373,55.2919,68.0,74,75,2.35
43,Palu,ID,2022-09-28 21:10:35,-0.8917,119.8707,75.22,89,94,3.6
44,Jamestown,US,2022-09-28 21:06:55,42.097,-79.2353,56.79,77,100,9.22
45,Xining,CN,2022-09-28 21:10:36,36.6167,101.7667,49.14,55,34,2.84
46,Sao Joao Da Barra,BR,2022-09-28 21:10:36,-21.6403,-41.0511,73.49,88,100,14.79
47,Kavieng,PG,2022-09-28 21:11:37,-2.5744,150.7967,82.76,69,95,13.73
48,Arrecife,ES,2022-09-28 21:11:38,28.963,-13.5477,73.38,73,40,11.5
49,Nurota,UZ,2022-09-28 21:11:38,40.5614,65.6886,56.61,37,98,9.19
50,Esperance,AU,2022-09-28 21:11:39,-33.8667,121.9,51.17,88,89,10.49
51,Souillac,MU,2022-09-28 21:11:40,-20.5167,57.5167,68.38,77,75,6.91
52,Burley,US,2022-09-28 21:11:40,42.5357,-113.7928,82.36,24,0,6.91
53,Sarangani,PH,2022-09-28 21:11:41,5.4033,125.4636,82.42,76,100,13.76
54,Baghdad,IQ,2022-09-28 21:09:49,33.3406,44.4009,80.51,19,0,11.5
55,Cape Town,ZA,2022-09-28 21:11:31,-33.9258,18.4232,61.09,73,0,12.66
56,Ndjole,GA,2022-09-28 21:11:42,-0.1783,10.7649,73.65,96,93,2.35
57,Tezu,IN,2022-09-28 21:11:43,27.9167,96.1667,74.59,78,39,3.15
58,Dwarka,IN,2022-09-28 21:11:43,22.2394,68.9678,80.22,69,2,7.56
59,Vaini,TO,2022-09-28 21:11:44,-21.2,-175.2,75.36,78,40,11.5
60,Arraial Do Cabo,BR,2022-09-28 21:11:45,-22.9661,-42.0278,69.66,94,100,10.36
61,Sinnamary,GF,2022-09-28 21:11:45,5.3833,-52.95,81.16,78,95,11.9
62,Bathsheba,BB,2022-09-28 21:11:46,13.2167,-59.5167,84.81,95,40,6.91
63,Lebu,CL,2022-09-28 21:11:47,-37.6167,-73.65,55.49,73,0,12.73
64,Ribeira Grande,PT,2022-09-28 21:11:48,38.5167,-28.7,70.3,70,100,12.08
65,Mragowo,PL,2022-09-28 21:10:49,53.8644,21.3051,48.2,86,99,8.23
66,Odienne,CI,2022-09-28 21:11:49,9.51,-7.5692,72.66,91,100,4.74
67,Saint George,US,2022-09-28 21:11:49,37.1041,-113.5841,82.99,32,0,0.0
68,Chuy,UY,2022-09-28 21:11:50,-33.6971,-53.4616,54.82,66,0,10.45
69,Bethel,US,2022-09-28 21:11:51,41.3712,-73.414,69.89,61,0,9.22
70,Hvide Sande,DK,2022-09-28 21:11:51,56.0045,8.1294,49.08,85,100,8.1
71,Butaritari,KI,2022-09-28 21:11:52,3.0707,172.7902,80.96,79,100,14.7
72,Dikson,RU,2022-09-28 21:11:53,73.5069,80.5464,34.9,84,40,18.5
73,Faanui,PF,2022-09-28 21:11:53,-16.4833,-151.75,78.71,69,7,16.28
74,Fortuna,US,2022-09-28 21:11:54,40.5982,-124.1573,67.93,83,90,1.99
75,Willmar,US,2022-09-28 21:10:21,45.1219,-95.0433,64.35,25,0,10.36
76,Saldanha,ZA,2022-09-28 21:11:55,-33.0117,17.9442,57.25,81,100,19.48
77,Kodiak,US,2022-09-28 21:11:56,57.79,-152.4072,51.31,93,100,11.5
78,Gornopravdinsk,RU,2022-09-28 21:11:56,60.05,69.9,23.49,90,32,4.9
79,Santiago De Cao,PE,2022-09-28 21:11:57,-7.9589,-79.2392,62.73,77,100,13.8
80,Ostersund,SE,2022-09-28 21:11:57,63.1792,14.6357,45.61,100,100,5.01
81,Lokosovo,RU,2022-09-28 21:11:58,61.1333,74.8167,26.91,74,94,8.55
82,Saint-Philippe,RE,2022-09-28 21:11:59,-21.3585,55.7679,69.39,69,77,11.14
83,Mackay,AU,2022-09-28 21:12:00,-21.15,149.2,65.68,90,100,6.85
84,Hobart,AU,2022-09-28 21:07:19,-42.8794,147.3294,48.06,93,75,10.36
85,Sakakah,SA,2022-09-28 21:12:02,29.9697,40.2064,78.55,14,0,9.15
86,Severo-Kurilsk,RU,2022-09-28 21:12:03,50.6789,156.125,51.26,77,100,12.8
87,Saskylakh,RU,2022-09-28 21:12:04,71.9167,114.0833,25.25,95,100,11.61
88,Oyama,JP,2022-09-28 21:12:05,36.3,139.8,75.58,65,99,2.51
89,Okhotsk,RU,2022-09-28 21:12:06,59.3833,143.3,39.96,86,100,12.12
90,Avera,US,2022-09-28 21:12:06,33.194,-82.5271,71.55,26,100,13.0
91,Ashland,US,2022-09-28 21:12:08,40.8167,-82.2665,56.1,77,99,12.53
92,Benguela,AO,2022-09-28 21:12:09,-12.5763,13.4055,71.64,82,99,3.15
93,Mandalgovi,MN,2022-09-28 21:08:08,45.7625,106.2708,48.7,54,34,5.48
94,Leku,ET,2022-09-28 21:13:10,6.8667,38.45,58.03,89,63,2.51
95,Atuona,PF,2022-09-28 21:12:16,-9.8,-139.0333,76.66,79,21,23.78
96,Paris,FR,2022-09-28 21:09:02,48.8534,2.3488,53.15,88,0,5.75
97,Alofi,NU,2022-09-28 21:13:13,-19.0595,-169.9187,78.69,83,40,9.22
98,Tiznit,MA,2022-09-28 21:13:13,29.5833,-9.5,63.43,73,11,5.44
99,Norman Wells,CA,2022-09-28 21:13:14,65.282,-126.8329,41.04,60,20,5.75
100,Superior,US,2022-09-28 21:10:40,46.7208,-92.1041,60.94,51,0,6.91
101,Mahon,ES,2022-09-28 21:13:15,39.8885,4.2658,72.16,56,20,10.36
102,Costesti,RO,2022-09-28 21:13:16,44.6667,24.8833,61.14,69,65,3.87
103,Bengkulu,ID,2022-09-28 21:10:18,-3.8004,102.2655,74.5,90,76,4.09
104,Puerto Ayacucho,VE,2022-09-28 21:13:18,5.6639,-67.6236,82.67,79,92,1.03
105,Khani,GE,2022-09-28 21:06:03,41.9563,42.9566,53.17,45,68,4.34
106,Picos,BR,2022-09-28 21:13:20,-7.0769,-41.4669,88.09,23,1,4.38
107,Hofn,IS,2022-09-28 21:12:08,64.2539,-15.2082,45.82,69,71,3.29
108,Klaksvik,FO,2022-09-28 21:09:34,62.2266,-6.589,43.72,85,100,11.25
109,Aksarka,RU,2022-09-28 21:13:22,66.5606,67.7975,25.79,92,79,8.57
110,Saint-Georges,GD,2022-09-28 21:05:51,12.0564,-61.7485,82.98,70,100,6.67
111,Walvis Bay,NA,2022-09-28 21:13:25,-22.9575,14.5053,56.35,82,0,2.3
112,Rampur Hat,IN,2022-09-28 21:13:26,24.1667,87.7833,80.06,83,96,3.18
113,Cabo San Lucas,MX,2022-09-28 21:11:08,22.8909,-109.9124,93.61,74,0,11.5
114,Tiksi,RU,2022-09-28 21:07:55,71.6872,128.8694,26.8,82,100,4.5
115,Karasjok,NO,2022-09-28 21:13:28,69.4719,25.5112,43.07,93,100,5.57
116,Saint Anthony,US,2022-09-28 21:13:28,45.0205,-93.218,64.13,42,0,8.05
117,Arlit,NE,2022-09-28 21:13:29,18.7369,7.3853,98.6,11,81,2.66
118,Acarau,BR,2022-09-28 21:13:30,-2.8856,-40.12,78.49,78,27,18.1
119,Iqaluit,CA,2022-09-28 21:13:30,63.7506,-68.5145,35.33,64,20,17.27
120,Pangody,RU,2022-09-28 21:13:31,65.85,74.4859,26.04,75,13,9.22
121,Kapaa,US,2022-09-28 21:13:32,22.0752,-159.319,84.52,65,0,11.5
122,Cukai,MY,2022-09-28 21:13:32,4.25,103.4167,76.59,87,100,3.74
123,Port Alfred,ZA,2022-09-28 21:13:33,-33.5906,26.891,61.18,92,90,3.0
124,Castro,BR,2022-09-28 21:13:34,-24.7911,-50.0119,51.76,97,100,8.01
125,Erzincan,TR,2022-09-28 21:13:35,39.75,39.5,52.9,54,0,2.3
126,Ermoupolis,GR,2022-09-28 21:13:35,37.4423,24.9425,76.57,78,0,20.71
127,Kalabo,ZM,2022-09-28 21:13:36,-14.97,22.6814,72.16,25,41,6.38
128,Svetlogorsk,BY,2022-09-28 21:13:36,52.6333,29.7333,47.35,95,25,9.82
129,Bluff,NZ,2022-09-28 21:13:37,-46.6,168.3333,49.8,85,100,11.99
130,Laguna,US,2022-09-28 21:13:38,38.421,-121.4238,87.78,32,0,6.91
131,Devils Lake,US,2022-09-28 21:09:23,48.1128,-98.8651,69.78,34,0,19.57
132,Lakselv,NO,2022-09-28 21:13:39,70.0513,24.9718,48.02,81,100,12.66
133,Safaga,EG,2022-09-28 21:13:40,26.7292,33.9365,86.41,38,0,11.61
134,Tessalit,ML,2022-09-28 21:13:40,20.1986,1.0114,97.75,11,82,6.26
135,Grand Gaube,MU,2022-09-28 21:13:41,-20.0064,57.6608,70.38,55,55,1.99
136,Xihe,CN,2022-09-28 21:13:41,31.6864,113.4659,66.43,60,85,2.28
137,Delhi,IN,2022-09-28 21:13:19,28.6667,77.2167,80.69,83,0,0.0
138,Nabire,ID,2022-09-28 21:17:26,-3.3667,135.4833,74.61,94,100,3.89
139,Sakaiminato,JP,2022-09-28 21:17:27,35.55,133.2333,60.78,100,40,3.44
140,Leningradskiy,RU,2022-09-28 21:17:23,69.3833,178.4167,20.68,84,63,5.14
141,Banning,US,2022-09-28 21:17:29,33.9256,-116.8764,99.27,22,24,3.22
142,Kudahuvadhoo,MV,2022-09-28 21:17:30,2.6708,72.8944,80.91,76,99,17.98
143,Marsh Harbour,BS,2022-09-28 21:17:31,26.5412,-77.0636,82.96,79,99,21.45
144,Newport,GB,2022-09-28 21:15:47,51.5877,-2.9984,54.63,83,42,6.38
145,Bredasdorp,ZA,2022-09-28 21:17:32,-34.5322,20.0403,54.77,86,100,0.09
146,Vieques,PR,2022-09-28 21:17:33,18.425,-65.8329,86.02,66,40,6.91
147,Kerouane,GN,2022-09-28 21:17:34,9.2667,-9.0167,71.74,92,99,2.75
148,Half Moon Bay,US,2022-09-28 21:17:34,37.4636,-122.4286,84.6,70,0,14.97
149,San Angelo,US,2022-09-28 21:14:13,31.4638,-100.437,90.61,21,0,3.44
150,Hamilton,US,2022-09-28 21:14:30,39.1834,-84.5333,61.77,60,100,10.36
151,Barrow,US,2022-09-28 21:17:36,71.2906,-156.7887,28.42,86,100,20.71
152,Grindavik,IS,2022-09-28 21:17:38,63.8424,-22.4338,46.87,93,75,9.22
153,Kodinar,IN,2022-09-28 21:17:39,20.7903,70.7031,76.69,83,2,7.87
154,Mahebourg,MU,2022-09-28 21:17:40,-20.4081,57.7,70.25,77,75,6.91
155,Hithadhoo,MV,2022-09-28 21:17:40,-0.6,73.0833,80.8,73,100,11.3
156,Corning,US,2022-09-28 21:17:41,42.1428,-77.0547,57.72,85,100,6.91
157,Palembang,ID,2022-09-28 21:17:42,-2.9167,104.7458,77.09,94,20,0.0
158,Luderitz,NA,2022-09-28 21:17:43,-26.6481,15.1594,58.19,77,5,10.22
159,Grand Island,US,2022-09-28 21:17:43,40.925,-98.342,75.38,31,0,13.8
160,Provideniya,RU,2022-09-28 21:17:44,64.3833,-173.3,41.36,93,100,18.01
161,Norfolk,US,2022-09-28 21:13:37,42.1668,-71.2495,69.87,65,100,10.36
162,Corinto,GR,2022-09-28 21:14:17,37.9407,22.9573,75.88,63,0,6.85
163,Thompson,CA,2022-09-28 21:15:34,55.7435,-97.8558,69.96,40,20,11.5
164,Carnarvon,AU,2022-09-28 21:17:47,-24.8667,113.6333,66.67,63,0,10.25
165,Santa Cruz,BO,2022-09-28 21:35:01,-17.8,-63.1667,68.05,73,75,16.11
166,Santa Ana,US,2022-09-28 21:32:09,33.7456,-117.8678,104.41,51,20,11.5
167,Kamenka,RU,2022-09-28 21:35:43,51.3223,42.7678,57.47,94,95,4.76
168,Chapais,CA,2022-09-28 21:32:48,49.7834,-74.8492,40.78,86,100,9.93
169,Lorengau,PG,2022-09-28 21:35:44,-2.0226,147.2712,83.82,66,100,11.01
170,Davila,PH,2022-09-28 21:35:44,18.4726,120.5763,78.78,85,70,5.57
171,Port Moresby,PG,2022-09-28 21:34:20,-9.4431,147.1797,76.42,94,20,5.75
172,Tautira,PF,2022-09-28 21:35:45,-17.7333,-149.15,77.7,78,2,19.24
173,Dalby,AU,2022-09-28 21:35:46,-27.1833,151.2667,53.98,73,100,1.01
174,Mayo,US,2022-09-28 21:31:29,38.8876,-76.5119,69.13,60,100,6.91
175,Boda,CF,2022-09-28 21:35:47,4.3189,17.4695,69.24,96,100,0.63
176,Imeni Poliny Osipenko,RU,2022-09-28 21:35:48,52.4201,136.4853,35.92,69,2,0.96
177,Ambilobe,MG,2022-09-28 21:35:48,-13.2,49.05,66.34,78,17,4.27
178,Xichang,CN,2022-09-28 21:35:49,27.8964,102.2634,56.68,93,88,1.41
179,Luwuk,ID,2022-09-28 21:35:49,-0.9516,122.7875,76.75,83,98,1.32
180,Samfya,ZM,2022-09-28 21:35:50,-11.3649,29.5565,72.91,45,62,16.11
181,Arkansas City,US,2022-09-28 21:35:51,37.062,-97.0384,87.42,24,0,17.27
182,Kruisfontein,ZA,2022-09-28 21:35:52,-34.0033,24.7314,56.01,93,4,5.97
183,Kummersbruck,DE,2022-09-28 21:38:04,49.4192,11.8883,46.35,81,100,3.56
184,Hami,CN,2022-09-28 21:38:04,42.8,93.45,64.98,45,99,14.27
185,Nikolskoye,RU,2022-09-28 21:38:05,59.7035,30.7861,44.49,94,100,6.4
186,Chokurdakh,RU,2022-09-28 21:38:06,70.6333,147.9167,21.43,78,32,5.5
187,Catio,GW,2022-09-28 21:38:07,11.2833,-15.25,77.2,92,97,5.1
188,Egvekinot,RU,2022-09-28 21:38:07,66.3167,-179.1667,26.29,77,100,12.26
189,Cauquenes,CL,2022-09-28 21:38:08,-35.9671,-72.3225,66.11,63,0,1.54
190,Yei,SS,2022-09-28 21:38:08,4.095,30.6779,64.65,97,97,3.33
191,Hokitika,NZ,2022-09-28 21:38:09,-42.7167,170.9667,56.41,97,100,7.74
192,Riyadh,SA,2022-09-28 21:35:15,24.6877,46.7219,80.74,17,0,7.25
193,Katsuura,JP,2022-09-28 21:38:10,35.1333,140.3,72.27,66,100,4.5
194,Ahipara,NZ,2022-09-28 21:38:11,-35.1667,173.1667,61.63,78,100,12.64
195,Changqing,CN,2022-09-28 21:38:11,36.5575,116.7272,64.08,50,0,8.59
196,Necochea,AR,2022-09-28 21:38:12,-38.5473,-58.7368,48.25,58,0,8.99
197,Bongandanga,CD,2022-09-28 21:38:13,1.5,21.05,67.23,99,100,2.26
198,Genhe,CN,2022-09-28 21:38:14,50.7833,121.5167,41.99,53,100,12.12
199,Buala,SB,2022-09-28 21:38:15,-8.145,159.5921,83.21,66,64,9.08
200,Santiago,CL,2022-09-28 21:33:49,-33.4569,-70.6483,71.55,52,0,11.5
201,Hukuntsi,BW,2022-09-28 21:38:16,-24.0,21.75,71.29,30,0,13.29
202,Bosaso,SO,2022-09-28 21:38:16,11.2842,49.1816,84.79,66,22,1.01
203,Olinda,BR,2022-09-28 21:38:17,-8.0089,-34.8553,78.53,69,40,10.36
204,Zhezkazgan,KZ,2022-09-28 21:38:18,47.8043,67.7144,38.12,50,100,13.73
205,Vestmannaeyjar,IS,2022-09-28 21:38:19,63.4427,-20.2734,48.72,84,100,4.65
206,Jacksonville,US,2022-09-28 21:35:40,30.3322,-81.6556,71.98,85,100,29.93
207,Ingham,US,2022-09-28 21:38:20,42.6,-84.3833,55.26,71,100,4.61
208,Lagoa,PT,2022-09-28 21:38:21,39.05,-27.9833,68.63,71,99,16.28
209,Canon City,US,2022-09-28 21:38:22,38.441,-105.2424,83.39,24,75,18.41
210,Makushino,RU,2022-09-28 21:38:22,55.2103,67.2442,24.58,87,18,5.84
211,Beruwala,LK,2022-09-28 21:38:23,6.4788,79.9828,79.16,82,27,10.96
212,Hualmay,PE,2022-09-28 21:38:24,-11.0964,-77.6139,63.48,75,14,9.84
213,Urusha,RU,2022-09-28 21:38:24,54.05,122.9,29.91,76,100,5.93
214,Asyut,EG,2022-09-28 21:38:25,27.181,31.1837,86.18,25,0,7.74
215,Nouadhibou,MR,2022-09-28 21:38:26,20.931,-17.0347,84.18,54,53,12.66
216,Salalah,OM,2022-09-28 21:38:26,17.0151,54.0924,80.69,83,75,4.61
217,Port Hardy,CA,2022-09-28 21:38:27,50.6996,-127.4199,66.2,88,75,3.44
218,Paamiut,GL,2022-09-28 21:38:28,61.994,-49.6678,42.53,95,95,8.68
219,Marfino,RU,2022-09-28 21:38:29,55.7028,37.3822,48.09,87,75,4.47
220,Quixeramobim,BR,2022-09-28 21:38:30,-5.1992,-39.2928,84.15,30,9,3.89
221,Taoudenni,ML,2022-09-28 21:38:31,22.6783,-3.9836,99.3,16,6,11.68
222,Musoma,TZ,2022-09-28 21:38:32,-1.5,33.8,72.63,58,74,1.92
223,Chitrakonda,IN,2022-09-28 21:38:32,18.1167,82.0833,71.67,93,78,1.7
224,Kidal,ML,2022-09-28 21:38:33,18.4411,1.4078,95.45,18,59,8.03
225,Myaundzha,RU,2022-09-28 21:38:34,63.0494,147.1858,25.21,89,100,4.63
226,Brae,GB,2022-09-28 21:38:34,60.3964,-1.353,51.85,89,100,6.33
227,Vanimo,PG,2022-09-28 21:39:35,-2.6741,141.3028,78.01,85,97,5.7
228,San Remo,IT,2022-09-28 21:39:36,43.8182,7.7612,66.88,58,34,1.99
229,Tabas,IR,2022-09-28 21:39:36,33.5959,56.9244,80.82,14,0,4.61
230,Xuanzhou,CN,2022-09-28 21:39:37,30.9525,118.7553,64.87,97,47,3.69
231,Ponta Do Sol,PT,2022-09-28 21:39:38,32.6667,-17.1,72.01,84,60,4.7
232,Cherskiy,RU,2022-09-28 21:39:38,68.75,161.3,27.82,61,73,3.78
233,Poronaysk,RU,2022-09-28 21:39:39,49.2167,143.1167,45.12,80,73,15.08
234,Komsomolskiy,UZ,2022-09-28 21:39:39,40.4272,71.7189,61.52,44,43,6.91
235,Bilibino,RU,2022-09-28 21:39:40,68.0546,166.4372,21.83,71,18,2.17
236,Sept-Iles,CA,2022-09-28 21:39:41,50.2001,-66.3821,57.2,91,40,5.75
237,Pisco,PE,2022-09-28 21:39:42,-13.7,-76.2167,66.25,63,0,6.91
238,Honiara,SB,2022-09-28 21:39:43,-9.4333,159.95,83.19,67,34,7.81
239,Zeya,RU,2022-09-28 21:39:43,53.75,127.2667,32.07,60,80,2.89
240,Lazarev,RU,2022-09-28 21:39:44,52.225,141.5131,41.38,64,2,18.66
241,Tuatapere,NZ,2022-09-28 21:39:45,-46.1333,167.6833,49.44,90,100,8.97
242,Aitape,PG,2022-09-28 21:39:45,-3.1374,142.3475,79.57,80,72,4.92
243,Tasiilaq,GL,2022-09-28 21:36:08,65.6145,-37.6368,35.76,99,100,6.35
244,Idritsa,RU,2022-09-28 21:39:46,56.3316,28.8988,44.69,77,87,4.05
245,East London,ZA,2022-09-28 21:39:47,-33.0153,27.9116,66.51,85,99,9.89
246,Anloga,GH,2022-09-28 21:39:48,5.7947,0.8973,76.37,87,100,4.94
247,Srednekolymsk,RU,2022-09-28 21:39:49,67.45,153.6833,29.84,58,99,9.71
248,Vostok,RU,2022-09-28 21:39:50,46.4856,135.8833,43.14,83,9,0.2
249,Yenagoa,NG,2022-09-28 21:39:50,4.9247,6.2642,72.01,96,94,1.5
250,Viedma,AR,2022-09-28 21:39:51,-40.8135,-62.9967,62.01,36,0,8.93
251,Mao,ES,2022-09-28 21:39:10,39.8885,4.2658,72.16,56,20,10.36
252,Hasaki,JP,2022-09-28 21:39:52,35.7333,140.8333,68.4,57,100,2.64
253,Port Antonio,JM,2022-09-28 21:39:53,18.18,-76.4612,85.95,81,98,8.37
254,Biga,TR,2022-09-28 21:39:54,40.2281,27.2422,66.13,84,0,5.55
255,Gimbi,ET,2022-09-28 21:39:55,9.1667,35.8333,54.63,95,93,2.86
256,Krasnoselkup,RU,2022-09-28 21:39:56,65.7,82.4667,24.17,79,7,9.93
257,Campoverde,PE,2022-09-28 21:39:56,-8.4753,-74.8058,96.49,30,65,5.84
258,Nome,US,2022-09-28 21:39:57,64.5011,-165.4064,41.07,81,100,11.5
259,Asau,RO,2022-09-28 21:39:57,46.4333,26.4,56.32,83,28,4.41
260,Talnakh,RU,2022-09-28 21:39:58,69.4865,88.3972,20.07,79,95,2.13
261,Amapa,BR,2022-09-28 21:39:59,1.0,-52.0,79.2,66,99,4.25
262,Moerai,PF,2022-09-28 21:39:59,-22.4333,-151.3333,75.58,85,12,12.5
263,Gualaquiza,EC,2022-09-28 21:40:00,-3.4,-78.55,74.79,64,85,2.55
264,General Pico,AR,2022-09-28 21:40:01,-35.6566,-63.7568,66.51,26,14,7.25
265,Tuktoyaktuk,CA,2022-09-28 21:40:02,69.4541,-133.0374,30.2,80,75,3.44
266,Moramanga,MG,2022-09-28 21:40:03,-18.9333,48.2,52.88,83,64,3.96
267,Ereymentau,KZ,2022-09-28 21:40:04,51.6199,73.1033,26.35,82,76,8.79
268,Longyearbyen,SJ,2022-09-28 21:40:05,78.2186,15.6401,35.44,93,75,2.3
269,Linxia,CN,2022-09-28 21:40:05,35.6003,103.2064,54.03,55,33,3.89
270,Maryville,US,2022-09-28 21:40:10,35.7565,-83.9705,67.71,45,20,19.57
271,Tariba,VE,2022-09-28 21:41:07,7.8188,-72.2243,81.16,65,86,1.14
272,Pevek,RU,2022-09-28 21:41:08,69.7008,170.3133,26.55,74,96,6.44
273,Bayanday,RU,2022-09-28 21:41:08,53.0661,105.5139,28.2,99,61,2.26
274,Ihlow,DE,2022-09-28 21:41:09,51.8833,13.3333,45.41,93,40,2.3
275,Abu Zabad,SD,2022-09-28 21:41:09,12.35,29.25,75.78,74,94,10.33
276,Portland,US,2022-09-28 21:40:04,45.5234,-122.6762,71.62,71,75,8.05
277,La Ronge,CA,2022-09-28 21:41:11,55.1001,-105.2842,71.85,35,20,3.44
278,Fayaoue,NC,2022-09-28 21:41:12,-20.65,166.5333,77.7,68,100,13.06
279,Narsaq,GL,2022-09-28 21:41:13,60.9167,-46.05,43.02,93,100,4.05
280,Pinega,RU,2022-09-28 21:41:14,64.7001,43.3936,29.62,79,2,5.7
281,Kupang,ID,2022-09-28 21:41:14,-10.1667,123.5833,79.3,78,89,3.47
282,Touros,BR,2022-09-28 21:41:15,-5.1989,-35.4608,77.18,73,0,15.82
283,Mae Ramat,TH,2022-09-28 21:41:16,16.984,98.5166,73.69,99,100,0.76
284,Buckeye,US,2022-09-28 21:41:17,33.3703,-112.5838,104.11,21,100,6.85
285,Ostrovnoy,RU,2022-09-28 21:41:18,68.0531,39.5131,37.24,87,51,8.46
286,Rio Verde De Mato Grosso,BR,2022-09-28 21:41:19,-18.9181,-54.8442,71.69,86,90,12.66
287,Weston,US,2022-09-28 21:38:53,26.1004,-80.3998,84.22,82,75,19.57
288,Bharatpur,IN,2022-09-28 21:40:18,27.2167,77.4833,80.56,61,0,3.87
289,Coihaique,CL,2022-09-28 21:41:21,-45.5752,-72.0662,66.15,26,0,6.91
290,Goderich,CA,2022-09-28 21:41:22,43.7501,-81.7165,53.91,71,92,11.5
291,Auki,SB,2022-09-28 21:41:22,-8.7676,160.7034,82.54,65,46,4.07
292,Ancud,CL,2022-09-28 21:41:23,-41.8697,-73.8203,53.1,79,0,2.13
293,Miri,MY,2022-09-28 21:41:24,4.4148,114.0089,78.94,94,20,5.75
294,Rafai,CF,2022-09-28 21:41:28,4.95,23.9167,66.92,99,73,2.1
295,Guerrero Negro,MX,2022-09-28 21:41:28,27.9769,-114.0611,84.69,55,4,12.48
296,Almaznyy,RU,2022-09-28 21:41:29,48.0448,40.045,57.79,97,4,8.86
297,Novomykolayivka,UA,2022-09-28 21:41:30,47.9781,35.9102,59.36,89,2,5.68
298,Margate,GB,2022-09-28 21:41:31,51.3813,1.3862,50.7,82,100,9.53
299,Sisimiut,GL,2022-09-28 21:41:32,66.9395,-53.6735,41.32,85,100,5.95
300,Udachnyy,RU,2022-09-28 21:41:32,66.4167,112.4,25.45,85,96,6.87
301,Poum,NC,2022-09-28 21:41:33,-20.2333,164.0167,78.17,79,100,19.1
302,Primorskiy,RU,2022-09-28 21:41:34,43.0983,131.5875,57.18,71,3,9.98
303,Amga,RU,2022-09-28 21:41:35,60.8953,131.9608,24.67,80,76,6.51
304,Lasa,IT,2022-09-28 21:41:35,46.6166,10.7002,52.68,97,100,2.44
305,Husavik,IS,2022-09-28 21:41:36,66.0449,-17.3389,42.3,74,89,4.27
306,Ewo,CG,2022-09-28 21:41:37,-0.8725,14.8206,71.42,90,80,2.57
307,Pangai,TO,2022-09-28 21:41:37,-19.8,-174.35,77.11,61,20,13.8
308,Sterling,US,2022-09-28 21:41:38,39.0062,-77.4286,67.98,59,75,14.0
309,Iskateley,RU,2022-09-28 21:41:38,67.6803,53.1512,27.59,78,41,6.62
310,Fort Nelson,CA,2022-09-28 21:41:39,58.8053,-122.7002,60.39,48,100,8.05
311,Anuradhapura,LK,2022-09-28 21:41:40,8.3565,80.4173,76.86,86,41,11.56
312,Zambezi,ZM,2022-09-28 21:41:41,-13.5432,23.1047,69.22,28,69,5.06
313,San Quintin,MX,2022-09-28 21:41:41,30.4833,-115.95,77.43,67,3,8.46
314,Lavrentiya,RU,2022-09-28 21:41:42,65.5833,-171.0,40.78,88,100,19.06
315,Kaitangata,NZ,2022-09-28 21:41:43,-46.2817,169.8464,48.18,95,100,9.89
316,Ballina,AU,2022-09-28 21:41:40,-28.8667,153.5667,61.02,64,78,10.78
317,Huarmey,PE,2022-09-28 21:41:44,-10.0681,-78.1522,64.8,74,4,9.78
318,Luanda,AO,2022-09-28 21:38:45,-8.8368,13.2343,72.09,80,44,5.28
319,Magadan,RU,2022-09-28 21:42:45,59.5667,150.8,40.53,96,100,13.04
320,Hirtshals,DK,2022-09-28 21:42:46,57.5881,9.9592,53.71,78,98,24.07
321,Namatanai,PG,2022-09-28 21:42:47,-3.6667,152.4333,82.62,67,88,8.75
322,Nanortalik,GL,2022-09-28 21:42:48,60.1432,-45.2371,42.03,99,100,10.76
323,Hazorasp,UZ,2022-09-28 21:42:48,41.3194,61.0742,60.1,33,10,13.8
324,Baherden,TM,2022-09-28 21:42:49,38.4362,57.4316,71.35,27,0,9.57
325,Kembe,CF,2022-09-28 21:42:50,4.6228,21.8865,68.27,99,77,2.37
326,Lockhart,US,2022-09-28 21:42:51,28.6194,-81.4426,73.92,97,100,21.85
327,Naze,JP,2022-09-28 21:42:51,28.3667,129.4833,70.72,77,0,4.92
328,Plettenberg Bay,ZA,2022-09-28 21:42:52,-34.0527,23.3716,57.52,89,82,3.98
329,Tanete,ID,2022-09-28 21:42:53,-3.9443,119.7848,73.92,95,86,2.86
330,Nelson Bay,AU,2022-09-28 21:38:21,-32.7167,152.15,60.01,83,79,11.99
331,Crotone,IT,2022-09-28 21:42:54,39.0851,17.1178,70.2,68,25,13.31
332,Maragogi,BR,2022-09-28 21:42:54,-9.0122,-35.2225,74.3,83,19,7.0
333,Alice Springs,AU,2022-09-28 21:42:55,-23.7,133.8833,51.22,60,3,0.0
334,Vao,NC,2022-09-28 21:42:56,-22.6667,167.4833,75.0,74,84,14.05
335,Hangha,SL,2022-09-28 21:42:56,7.9411,-11.14,72.09,99,100,3.11
336,Colac,AU,2022-09-28 21:42:57,-38.3333,143.5833,50.16,86,17,3.44
337,Makakilo City,US,2022-09-28 21:42:57,21.3469,-158.0858,86.32,51,20,13.8
338,Beni Suef,EG,2022-09-28 21:42:58,29.0731,31.0979,82.51,35,0,8.66
339,Pemberton,CA,2022-09-28 21:42:59,50.3164,-122.8027,71.29,47,99,6.02
340,Fukue,JP,2022-09-28 21:42:59,32.6881,128.8419,74.37,67,95,16.84
341,Szilvasvarad,HU,2022-09-28 21:43:00,48.1,20.4,50.14,86,100,3.09
342,Norrtalje,SE,2022-09-28 21:43:00,59.758,18.705,53.02,80,37,8.41
343,Vanino,RU,2022-09-28 21:43:01,49.0869,140.2543,48.29,82,63,4.88
344,Sao Jose Da Coroa Grande,BR,2022-09-28 21:43:02,-8.8978,-35.1478,74.75,80,16,6.96
345,Erenhot,CN,2022-09-28 21:43:03,43.6475,111.9767,59.34,35,0,2.77
346,Tartus,SY,2022-09-28 21:43:04,34.889,35.8866,75.74,77,0,7.56
347,Komatsu,JP,2022-09-28 21:43:04,36.4026,136.4509,62.83,100,75,1.14
348,Emerald,AU,2022-09-28 21:43:05,-23.5333,148.1667,68.07,47,100,7.05
349,Rio Gallegos,AR,2022-09-28 21:39:20,-51.6226,-69.2181,55.45,33,75,9.22
350,Borogontsy,RU,2022-09-28 21:43:07,62.6683,131.1683,26.76,86,100,8.77
351,Rocha,UY,2022-09-28 21:43:07,-34.4833,-54.3333,47.41,77,1,5.93
352,Yar-Sale,RU,2022-09-28 21:43:10,66.8333,70.8333,26.42,91,42,8.86
353,Constitucion,CL,2022-09-28 21:40:56,-35.3333,-72.4167,57.54,76,13,2.98
354,Charters Towers,AU,2022-09-28 21:43:11,-20.1,146.2667,65.52,79,98,5.61
355,Chingola,ZM,2022-09-28 21:43:12,-12.529,27.8838,70.29,37,82,10.18
356,Wajima,JP,2022-09-28 21:43:13,37.4,136.9,68.9,73,94,2.8
357,Taltal,CL,2022-09-28 21:43:14,-25.4,-70.4833,60.66,62,23,4.79
358,Saint-Pierre,RE,2022-09-28 21:43:16,-21.3393,55.4781,69.48,60,75,6.91
359,Bandarbeyla,SO,2022-09-28 21:43:17,9.4942,50.8122,77.11,87,64,21.5
360,Kiunga,PG,2022-09-28 21:43:18,-6.1219,141.2906,73.36,99,99,0.27
361,Twentynine Palms,US,2022-09-28 21:43:19,34.1356,-116.0542,96.94,29,18,8.01
362,Teteven,BG,2022-09-28 21:44:20,42.9167,24.2667,61.83,56,95,4.72
363,Tazmalt,DZ,2022-09-28 21:44:21,36.3868,4.3989,66.38,61,59,3.69
364,Camopi,GF,2022-09-28 21:44:22,3.1655,-52.3158,86.76,41,93,7.31
365,Eureka,US,2022-09-28 21:43:36,40.8021,-124.1637,70.2,88,77,3.0
366,Puerto Leguizamo,CO,2022-09-28 21:44:23,-0.1934,-74.7819,82.53,64,95,0.63
367,El Tigre,VE,2022-09-28 21:44:23,8.8875,-64.2454,80.02,76,99,2.1
368,Gondanglegi,ID,2022-09-28 21:44:24,-7.7479,112.0132,73.76,87,53,8.08
369,Launceston,AU,2022-09-28 21:44:25,-41.45,147.1667,53.62,75,75,10.36
370,Codrington,AU,2022-09-28 21:44:26,-38.2667,141.9667,53.78,82,100,6.71
371,Zhigansk,RU,2022-09-28 21:44:26,66.7697,123.3711,27.57,85,81,4.72
372,Tigil,RU,2022-09-28 21:44:28,57.8,158.6667,42.93,86,100,11.56
373,Abha,SA,2022-09-28 21:44:29,18.2164,42.5053,66.02,16,0,0.0
374,Nosy Varika,MG,2022-09-28 21:44:29,-20.5833,48.5333,62.71,80,16,4.59
375,Sault Sainte Marie,CA,2022-09-28 21:42:26,46.5168,-84.3333,49.82,64,75,14.97
376,Chara,RU,2022-09-28 21:44:31,56.9064,118.2631,30.07,96,100,2.3
377,Kutum,SD,2022-09-28 21:44:32,14.2,24.6667,80.4,39,98,7.58
378,Fomboni,KM,2022-09-28 21:44:32,-12.28,43.7425,74.68,70,0,2.89
379,Asfi,MA,2022-09-28 21:44:34,32.2994,-9.2372,68.47,75,69,15.52
380,San Antonio,US,2022-09-28 21:44:34,29.4241,-98.4936,93.06,21,0,11.5
381,Glinka,RU,2022-09-28 21:44:35,54.6404,32.8781,44.69,95,100,4.59
382,Nioro,GM,2022-09-28 21:44:36,13.35,-15.75,77.02,93,78,7.16
383,Pital,CO,2022-09-28 21:44:37,2.2665,-75.8044,80.4,58,98,4.99
384,Clive,US,2022-09-28 21:44:37,41.603,-93.7241,67.6,37,20,6.91
385,Ler,SS,2022-09-28 21:44:38,8.3018,30.1418,70.48,84,99,2.77
386,Tilichiki,RU,2022-09-28 21:44:39,60.4667,166.1,35.17,97,100,7.34
387,Kawhia,NZ,2022-09-28 21:44:39,-38.0651,174.8183,60.06,73,100,8.55
388,Bambous Virieux,MU,2022-09-28 21:44:40,-20.3428,57.7575,69.22,77,75,6.91
389,Tarime,TZ,2022-09-28 21:44:41,-1.35,34.3667,65.01,63,41,3.44
390,Brits,ZA,2022-09-28 21:44:41,-25.6347,27.7802,70.92,48,0,8.95
391,Kirakira,SB,2022-09-28 21:44:43,-10.4544,161.9205,83.57,67,9,7.65
392,Tupiza,BO,2022-09-28 21:44:43,-21.45,-65.7167,64.09,5,0,24.23
393,Basco,PH,2022-09-28 21:44:44,20.4487,121.9702,82.38,77,9,11.41
394,Kuryk,KZ,2022-09-28 21:44:45,43.2,51.65,71.26,39,59,18.43
395,Caravelas,BR,2022-09-28 21:44:45,-17.7125,-39.2481,74.52,84,0,10.45
396,Dharmapuri,IN,2022-09-28 21:44:46,12.1333,78.1667,73.6,82,99,4.74
397,Monterey,US,2022-09-28 21:44:46,36.2505,-121.2516,89.19,16,2,8.72
398,Wagar,SD,2022-09-28 21:44:47,16.1525,36.2032,91.44,25,4,3.51
399,Roebourne,AU,2022-09-28 21:44:48,-20.7833,117.1333,68.68,62,42,7.58
400,Kanalion,GR,2022-09-28 21:44:48,39.6056,19.8925,69.58,88,75,6.91
401,Ilulissat,GL,2022-09-28 21:44:49,69.2167,-51.1,35.62,100,75,4.61
402,Chudey,UA,2022-09-28 21:44:49,48.0525,25.6221,50.67,70,82,5.01
403,Concordia,AR,2022-09-28 21:44:50,-31.393,-58.0209,68.07,42,75,11.5
404,Razole,IN,2022-09-28 21:44:51,16.4833,81.8333,76.41,94,99,2.89
405,Bria,CF,2022-09-28 21:45:52,6.5423,21.9863,68.74,96,32,0.92
406,Korla,CN,2022-09-28 21:45:52,41.7597,86.1469,65.37,35,70,16.96
407,Aklavik,CA,2022-09-28 21:45:53,68.2191,-135.0107,31.26,89,88,11.03
408,Bambari,CF,2022-09-28 21:45:53,5.768,20.6757,69.48,96,96,1.36
409,Mujiayingzi,CN,2022-09-28 21:45:54,42.1167,118.7833,57.43,59,17,7.45
410,Shirokiy,RU,2022-09-28 21:45:55,49.758,129.523,37.04,69,81,4.25
411,Erzin,TR,2022-09-28 21:45:55,36.9559,36.2,72.16,81,55,1.79
412,Palora,EC,2022-09-28 21:45:56,-1.7,-77.9333,82.51,51,59,3.8
413,Clyde River,CA,2022-09-28 21:45:56,70.4692,-68.5914,32.23,69,20,8.05
414,Kaoma,ZM,2022-09-28 21:45:57,-14.7833,24.8,75.83,27,34,8.75
415,Mount Gambier,AU,2022-09-28 21:45:58,-37.8333,140.7667,52.83,79,100,4.74
416,Joensuu,FI,2022-09-28 21:45:58,62.6012,29.7632,45.09,81,75,6.91
417,Porto Recanati,IT,2022-09-28 21:45:59,43.4365,13.6613,69.03,70,20,5.48
418,Kahului,US,2022-09-28 21:45:59,20.8947,-156.47,87.82,60,20,24.16
419,Kampene,CD,2022-09-28 21:47:00,-3.6,26.6667,65.61,98,92,1.41
420,Lazaro Cardenas,MX,2022-09-28 21:47:01,17.9583,-102.2,84.09,74,15,7.83
421,Islahiye,TR,2022-09-28 21:47:02,37.025,36.6306,65.95,91,17,6.13
422,Teguise,ES,2022-09-28 21:47:03,29.0605,-13.564,70.02,73,40,14.97
423,Buin,CL,2022-09-28 21:47:03,-33.7333,-70.75,72.43,64,98,5.57
424,Staroye Drozhzhanoye,RU,2022-09-28 21:47:04,54.7266,47.5677,49.12,93,100,13.42
425,Talara,PE,2022-09-28 21:47:05,-4.5772,-81.2719,70.56,64,0,18.41
426,Pundaguitan,PH,2022-09-28 21:47:07,6.3711,126.1689,80.91,77,100,7.25
427,Waynesville,US,2022-09-28 21:46:29,35.4887,-82.9887,63.9,54,28,3.0
428,Hovd,MN,2022-09-28 21:47:09,48.0056,91.6419,42.58,52,8,8.68
429,Montrose,US,2022-09-28 21:46:36,38.4166,-108.2673,69.21,47,89,11.77
430,Wanning,CN,2022-09-28 21:47:11,18.8003,110.3967,78.24,90,100,2.62
431,Isangel,VU,2022-09-28 21:47:12,-19.55,169.2667,78.57,62,100,10.42
432,Naryan-Mar,RU,2022-09-28 21:47:13,67.6713,53.087,27.66,78,41,6.64
433,Najran,SA,2022-09-28 21:43:45,17.4924,44.1277,74.05,19,2,3.13
434,Moree,AU,2022-09-28 21:47:14,-29.4667,149.85,50.02,93,100,3.44
435,Madimba,TZ,2022-09-28 21:47:15,-10.4,40.3333,70.27,87,4,5.12
436,Nishihara,JP,2022-09-28 21:47:15,26.1842,127.7558,78.08,83,75,8.05
437,Polazna,RU,2022-09-28 21:47:16,58.2946,56.4055,25.99,74,3,7.29
438,Xuddur,SO,2022-09-28 21:47:17,4.1213,43.8894,72.12,80,47,17.13
439,North Bend,US,2022-09-28 21:47:19,43.4065,-124.2243,74.25,74,100,13.8
440,Kikwit,CD,2022-09-28 21:47:20,-5.041,18.8162,68.9,93,82,1.5
441,Yelizovo,RU,2022-09-28 21:47:21,53.1873,158.3805,39.34,87,75,6.71
442,Immokalee,US,2022-09-28 21:47:22,26.4187,-81.4173,75.97,82,100,36.01
443,Ugra,RU,2022-09-28 21:47:23,54.7777,34.3267,45.3,88,100,3.02
444,Coquimbo,CL,2022-09-28 21:47:23,-29.9533,-71.3436,58.73,72,75,14.97
445,Poso,ID,2022-09-28 21:47:24,-1.3959,120.7524,76.69,81,82,3.85
446,Abnub,EG,2022-09-28 21:47:25,27.2696,31.1511,86.22,25,0,7.23
447,Mosquera,CO,2022-09-28 21:47:26,4.7059,-74.2302,59.09,77,75,11.5
448,Porto Novo,BJ,2022-09-28 21:47:27,6.4965,2.6036,76.82,92,99,5.01
449,San Nicolas,PH,2022-09-28 21:47:28,18.1725,120.5953,78.71,94,40,2.3
450,Ayr,GB,2022-09-28 21:47:28,55.4627,-4.6339,55.31,76,0,4.61
451,Mabaruma,GY,2022-09-28 21:47:29,8.2,-59.7833,76.57,95,100,5.37
452,Bonthe,SL,2022-09-28 21:47:30,7.5264,-12.505,75.88,91,100,2.53
453,Balgazyn,RU,2022-09-28 21:47:30,51.0,95.2,44.13,76,100,2.17
454,Tingi,TZ,2022-09-28 21:48:31,-11.3,35.0333,62.98,56,14,2.57
455,Palana,RU,2022-09-28 21:48:32,59.1167,159.9667,42.6,74,100,7.38
456,Mount Isa,AU,2022-09-28 21:48:32,-20.7333,139.5,58.77,100,0,5.75
457,Emba,KZ,2022-09-28 21:48:33,48.8264,58.1442,50.92,51,100,18.03
458,Porbandar,IN,2022-09-28 21:48:34,21.6422,69.6093,79.3,73,0,6.24
459,Ilhabela,BR,2022-09-28 21:48:34,-23.7781,-45.3581,66.25,96,100,10.42
460,Zholymbet,KZ,2022-09-28 21:48:35,51.7433,71.7122,26.92,77,9,9.13
461,Datia,IN,2022-09-28 21:48:35,25.6667,78.4667,77.72,68,5,4.09
462,Winnemucca,US,2022-09-28 21:48:36,40.973,-117.7357,86.05,12,0,12.66
463,Strezhevoy,RU,2022-09-28 21:48:37,60.7333,77.5889,26.98,74,98,8.7
464,Maceio,BR,2022-09-28 21:47:29,-9.6658,-35.7353,74.64,88,20,8.05
465,Aljezur,PT,2022-09-28 21:48:38,37.3191,-8.8033,63.41,86,5,13.96
466,Aksu,CN,2022-09-28 21:48:38,41.1231,80.2644,67.64,28,86,4.79
467,Santarem,BR,2022-09-28 21:48:39,-2.4431,-54.7083,87.93,70,0,10.36
468,Guaimaro,CU,2022-09-28 21:48:40,21.05,-77.35,83.68,75,100,8.68
469,College,US,2022-09-28 21:46:37,64.8569,-147.8028,52.2,54,75,12.66
470,Chukhloma,RU,2022-09-28 21:48:41,58.7525,42.6825,33.94,94,100,12.64
471,Vilhena,BR,2022-09-28 21:48:42,-12.7406,-60.1458,84.42,58,40,4.61
472,Tumut,AU,2022-09-28 21:48:42,-35.3,148.2167,55.83,86,99,2.64
473,Waterboro,US,2022-09-28 21:48:43,43.5356,-70.7151,65.12,67,70,4.0
474,Aykhal,RU,2022-09-28 21:48:44,66.0,111.5,15.85,97,87,6.96
475,Wewak,PG,2022-09-28 21:48:44,-3.5534,143.6268,79.36,82,88,6.02
476,Urambo,TZ,2022-09-28 21:48:45,-5.0667,32.05,73.94,30,86,5.1
477,Shingu,JP,2022-09-28 21:48:46,33.7333,135.9833,71.73,87,92,3.51
478,Totskoye,RU,2022-09-28 21:48:47,52.5248,52.7623,51.13,83,100,18.05
479,Mildura,AU,2022-09-28 21:48:47,-34.2,142.15,49.06,90,0,13.62
480,Padang,ID,2022-09-28 21:48:48,-0.9492,100.3543,75.25,86,100,3.96
481,Qui Nhon,VN,2022-09-28 21:48:48,13.7667,109.2333,77.54,80,98,4.29
482,Palmer,US,2022-09-28 21:48:49,42.1584,-72.3287,67.62,63,40,3.44
483,Hakodate,JP,2022-09-28 21:48:50,41.7758,140.7367,61.11,94,20,6.91
484,Trincomalee,LK,2022-09-28 21:48:50,8.5711,81.2335,79.77,80,61,20.27
485,Mumford,GH,2022-09-28 21:48:51,5.2618,-0.759,75.52,91,91,6.29
486,Resistencia,AR,2022-09-28 21:44:35,-27.4606,-58.9839,71.65,40,0,12.66
487,Segou,ML,2022-09-28 21:48:52,13.4317,-6.2157,84.83,56,9,7.31
488,Miles City,US,2022-09-28 21:48:53,46.4083,-105.8406,83.37,24,0,6.91
489,Antofagasta,CL,2022-09-28 21:48:27,-23.65,-70.4,60.08,70,9,8.3
490,Hambantota,LK,2022-09-28 21:48:54,6.1241,81.1185,75.54,94,20,2.3
491,Mizdah,LY,2022-09-28 21:48:55,31.4451,12.9801,69.08,72,8,6.38
492,Beringovskiy,RU,2022-09-28 21:48:56,63.05,179.3167,34.07,78,78,19.15
493,Kaeo,NZ,2022-09-28 21:48:56,-35.1,173.7833,64.33,89,100,10.25
494,La Aldea,MX,2022-09-28 21:48:57,20.9,-101.4833,78.31,37,54,18.57
495,Saint-Augustin,CA,2022-09-28 21:48:57,51.226,-58.6502,53.47,96,44,6.58
496,Oksfjord,NO,2022-09-28 21:48:58,70.2396,22.3479,50.18,85,91,6.6
497,Sokolovyy,RU,2022-09-28 21:48:59,51.5686,45.8331,59.34,94,100,4.76
498,Acapulco,MX,2022-09-28 21:45:09,16.8634,-99.8901,87.62,66,40,8.05
499,Santa Vitoria Do Palmar,BR,2022-09-28 21:44:20,-33.5189,-53.3681,52.29,73,1,7.81
500,Bahia Honda,CU,2022-09-28 21:50:01,22.9036,-83.1592,81.43,78,84,13.2
501,Dicabisagan,PH,2022-09-28 21:50:01,17.0818,122.4157,76.93,89,25,1.83
502,Salinas,US,2022-09-28 21:50:02,36.6777,-121.6555,90.0,57,0,16.11
503,Carutapera,BR,2022-09-28 21:50:03,-1.195,-46.02,79.74,79,52,9.62
504,Harper,LR,2022-09-28 21:50:03,4.375,-7.7169,76.28,89,90,11.07
505,Pervomayskoye,RU,2022-09-28 21:50:04,43.919,46.7102,63.63,91,59,2.59
506,Jutai,BR,2022-09-28 21:50:05,-5.1833,-68.9,79.61,77,92,3.87
507,Wakkanai,JP,2022-09-28 21:50:06,45.4094,141.6739,62.6,81,4,17.29
508,Dudinka,RU,2022-09-28 21:50:07,69.4058,86.1778,20.66,92,96,6.02
509,Piedras Negras,MX,2022-09-28 21:48:28,28.7,-100.5167,90.27,28,0,9.98
510,Atar,MR,2022-09-28 21:50:09,20.5169,-13.0499,97.54,21,49,6.22
511,Port Hedland,AU,2022-09-28 21:50:10,-20.3167,118.5667,60.85,88,9,0.0
512,Tura,IN,2022-09-28 21:50:10,25.5198,90.2201,73.45,92,55,3.04
513,Kholodnyy,RU,2022-09-28 21:50:11,62.7167,147.95,26.74,89,98,5.75
514,Kerema,PG,2022-09-28 21:50:12,-7.9631,145.7785,79.65,82,65,3.83
515,Chumphon,TH,2022-09-28 21:50:13,10.3333,98.8333,70.86,98,100,3.94
516,Dunedin,NZ,2022-09-28 21:50:14,-45.8742,170.5036,51.8,87,99,11.99
517,Namibe,AO,2022-09-28 21:50:15,-15.1961,12.1522,63.75,82,23,5.39
518,Arcachon,FR,2022-09-28 21:50:16,44.5875,-1.0519,60.85,82,75,6.91
519,Port Hueneme,US,2022-09-28 21:50:16,34.1478,-119.1951,103.19,58,0,11.5
520,Port Lincoln,AU,2022-09-28 21:45:31,-34.7333,135.8667,54.03,66,95,10.0
521,Dimbokro,CI,2022-09-28 21:50:18,6.6451,-4.7048,72.36,99,100,3.91
522,Bereda,ES,2022-09-28 21:50:19,43.2686,-7.5406,56.41,100,100,4.0
523,Bilma,NE,2022-09-28 21:50:20,18.6853,12.9164,89.94,14,35,4.05
524,Terre Haute,US,2022-09-28 21:50:21,39.4667,-87.4139,64.24,57,100,8.05
525,Avanigadda,IN,2022-09-28 21:50:21,16.0215,80.9181,77.14,91,63,2.21
526,Biltine,TD,2022-09-28 21:50:22,14.5333,20.9167,85.62,47,80,4.7
527,Campbell River,CA,2022-09-28 21:50:24,50.0163,-125.2446,62.26,82,75,6.91
528,Vegreville,CA,2022-09-28 21:50:24,53.5001,-112.0518,82.71,21,0,8.05
529,Lompoc,US,2022-09-28 21:50:25,34.6391,-120.4579,92.01,68,20,13.8
530,Broken Hill,AU,2022-09-28 21:50:26,-31.95,141.4333,51.39,74,1,14.9
531,Kayerkan,RU,2022-09-28 21:50:27,69.3497,87.7602,18.73,82,93,1.28
532,Gimli,CA,2022-09-28 21:50:28,50.6336,-96.9907,59.02,55,54,20.71
533,Adrar,MR,2022-09-28 21:50:29,20.5022,-10.0711,94.82,22,78,11.92
534,Okato,NZ,2022-09-28 21:50:30,-39.2,173.8833,58.91,100,98,13.2
535,Carberry,CA,2022-09-28 21:46:09,49.8689,-99.3602,73.63,26,46,14.83
536,Sitka,US,2022-09-28 21:50:31,57.0531,-135.33,53.49,82,75,0.0
537,Atherton,GB,2022-09-28 21:50:31,53.5237,-2.4935,51.89,93,96,3.0
538,Rio Grande,BR,2022-09-28 21:48:31,-32.035,-52.0986,59.11,71,18,12.59
539,Ternate,ID,2022-09-28 21:50:33,0.8,127.4,80.01,83,87,7.52
540,Traverse City,US,2022-09-28 21:49:32,44.7631,-85.6206,52.0,71,72,3.0
541,Garissa,KE,2022-09-28 21:50:34,-0.4536,39.6401,73.87,73,63,19.48
542,Soyo,AO,2022-09-28 21:50:34,-6.1349,12.3689,74.25,83,55,6.71
543,Gigmoto,PH,2022-09-28 21:50:35,13.7796,124.39,79.11,84,98,1.16
544,Alyangula,AU,2022-09-28 21:50:36,-13.8483,136.4192,79.16,75,76,18.12
545,Katherine,AU,2022-09-28 21:50:36,-14.4667,132.2667,77.32,65,32,8.05
546,Shunyi,CN,2022-09-28 21:50:37,40.125,116.6453,57.15,100,1,4.47
547,Constantine,DZ,2022-09-28 21:50:38,36.365,6.6147,63.81,72,40,4.61
548,Santa Rosalia,MX,2022-09-28 21:50:39,27.3167,-112.2833,86.34,68,6,7.72
549,Porto Walter,BR,2022-09-28 21:51:40,-8.2686,-72.7439,84.87,52,98,2.86
550,Vila Franca Do Campo,PT,2022-09-28 21:51:40,37.7167,-25.4333,71.2,82,100,7.47
551,Iquique,CL,2022-09-28 21:47:33,-20.2208,-70.1431,60.84,76,12,7.45
552,Dongobesh,TZ,2022-09-28 21:51:41,-4.0667,35.3833,54.21,72,84,8.23
553,Tairua,NZ,2022-09-28 21:51:42,-37.0167,175.85,61.27,82,100,9.53
554,Mantua,IT,2022-09-28 21:51:43,45.1667,10.7833,59.95,84,63,1.01
555,Elbrus,RU,2022-09-28 21:51:44,43.2577,42.6443,48.76,44,37,6.71
556,Itarantim,BR,2022-09-28 21:51:45,-15.6597,-40.0656,72.1,77,12,5.35
557,Ulaangom,MN,2022-09-28 21:51:45,49.9811,92.0667,45.84,49,50,3.78
558,Lanzhou,CN,2022-09-28 21:51:46,36.0564,103.7922,62.98,49,34,1.16
559,Port Blair,IN,2022-09-28 21:51:47,11.6667,92.75,81.1,80,100,11.32
560,Pangnirtung,CA,2022-09-28 21:51:47,66.1451,-65.7125,32.0,80,75,4.61
561,Cidreira,BR,2022-09-28 21:51:48,-30.1811,-50.2056,60.85,70,100,11.7
562,Kimberley,ZA,2022-09-28 21:51:48,-28.7323,24.7623,67.69,56,48,4.61
563,Kolokani,ML,2022-09-28 21:51:49,13.5728,-8.0339,79.59,69,57,7.67
564,Dali,CN,2022-09-28 21:51:50,25.7,100.1833,58.44,88,58,2.53
565,Kaohsiung,TW,2022-09-28 21:51:50,22.6163,120.3133,81.03,84,75,4.61
566,Boguchany,RU,2022-09-28 21:51:51,58.3814,97.4531,32.5,91,100,4.43
567,Warri,NG,2022-09-28 21:51:51,5.5167,5.75,72.86,96,100,1.3
568,Tunggol,PH,2022-09-28 21:51:52,5.8446,121.1544,80.47,82,61,8.34
569,Abu Kamal,SY,2022-09-28 21:51:53,34.4506,40.9171,77.43,25,0,10.83
570,Mocuba,MZ,2022-09-28 21:51:53,-16.8392,36.9856,67.32,96,0,1.14
571,Doha,QA,2022-09-28 21:50:13,25.2867,51.5333,82.38,54,0,3.44
572,Vrangel,RU,2022-09-28 21:51:55,42.7297,133.0839,61.14,82,1,8.23
573,Southbridge,US,2022-09-28 21:51:55,42.0751,-72.0334,66.31,73,81,4.52
574,Sao Borja,BR,2022-09-28 21:48:15,-28.6606,-56.0044,65.95,60,99,14.58
575,Yendi,GH,2022-09-28 21:51:56,9.4427,-0.0099,72.19,95,100,2.35
576,Pitimbu,BR,2022-09-28 21:51:57,-7.4706,-34.8086,77.59,79,10,12.15
577,Hope,US,2022-09-28 21:51:37,33.6671,-93.5916,84.25,23,0,7.81
578,Vikulovo,RU,2022-09-28 21:51:58,56.8167,70.6107,23.23,91,19,7.25
579,Inuvik,CA,2022-09-28 21:51:58,68.3499,-133.7218,32.86,80,75,3.44
580,Yangjiang,CN,2022-09-28 21:51:59,21.85,111.9667,76.62,92,98,8.93
581,Aqtobe,KZ,2022-09-28 21:52:00,50.2797,57.2072,42.89,70,0,17.9
582,Westminster,US,2022-09-28 21:50:38,39.8367,-105.0372,86.02,21,40,5.75
583,Biskamzha,RU,2022-09-28 21:52:01,53.4497,89.5272,34.86,96,99,2.84
584,Santa Cruz De La Palma,ES,2022-09-28 21:52:02,28.6835,-17.7642,74.14,78,100,11.5
585,Albert,FR,2022-09-28 21:52:03,50.0009,2.651,45.57,87,0,4.61
586,Miyako,JP,2022-09-28 21:52:03,39.6367,141.9525,63.57,64,49,4.65
587,Tadine,NC,2022-09-28 21:52:05,-21.55,167.8833,77.09,67,88,10.89
588,Champerico,GT,2022-09-28 21:52:06,14.3,-91.9167,91.94,74,30,8.05
589,Voi,KE,2022-09-28 21:52:07,-3.3945,38.563,68.52,80,79,12.21
590,Bacolod,PH,2022-09-28 21:48:34,10.6667,122.95,77.2,87,99,4.05
591,Te Anau,NZ,2022-09-28 21:52:08,-45.4167,167.7167,50.86,95,100,4.32
592,Omama,JP,2022-09-28 21:52:09,36.4333,139.2833,63.45,64,85,2.35
593,Northam,GB,2022-09-28 21:52:09,51.0333,-4.2167,53.62,77,49,12.19
594,Skibbereen,IE,2022-09-28 21:50:02,51.55,-9.2667,51.33,80,84,10.65
595,Mikhaylovsk,RU,2022-09-28 21:53:10,45.1283,42.0256,64.62,52,0,11.18
596,Eagle Pass,US,2022-09-28 21:53:11,28.7091,-100.4995,90.27,28,0,9.93
597,Hadejia,NG,2022-09-28 21:53:12,12.4498,10.0444,82.09,56,71,9.04
598,Krasnaya Gora,RU,2022-09-28 21:53:12,52.9995,31.6023,49.01,92,97,12.64
599,Qingyuan,CN,2022-09-28 21:53:13,23.7,113.0333,78.78,80,84,1.79
600,Kysyl-Syr,RU,2022-09-28 21:53:14,63.8986,122.7617,24.76,79,13,3.69
601,Maniitsoq,GL,2022-09-28 21:53:14,65.4167,-52.9,42.22,83,100,9.15
602,Deputatskiy,RU,2022-09-28 21:53:16,69.3,139.9,14.02,97,100,1.61
603,Flin Flon,CA,2022-09-28 21:53:16,54.7682,-101.865,66.04,45,20,8.05
604,Gizeh,EG,2022-09-28 21:53:17,30.0081,31.2109,81.34,44,0,11.07
605,Hohhot,CN,2022-09-28 21:53:19,40.8106,111.6522,50.29,76,0,4.47
606,Bagotville,AU,2022-09-28 21:53:20,-28.9833,153.4167,59.85,68,63,10.31
607,Baikunthpur,IN,2022-09-28 21:53:20,23.25,82.55,73.4,76,56,4.9
608,Ilam,NP,2022-09-28 21:53:21,26.9167,87.9167,65.44,89,32,4.7
609,Valdosta,US,2022-09-28 21:53:22,30.8327,-83.2785,75.15,45,0,14.97
610,Buta,CD,2022-09-28 21:53:23,2.7858,24.73,69.12,99,100,1.66
611,Snezhnogorsk,RU,2022-09-28 21:53:23,69.1933,33.2531,35.38,85,40,7.4
612,Noumea,NC,2022-09-28 21:49:40,-22.2763,166.4572,79.0,99,93,2.77
613,Adre,TD,2022-09-28 21:53:25,13.4667,22.2,73.98,77,5,7.58
614,Hilton Head Island,US,2022-09-28 21:52:00,32.2163,-80.7526,71.98,55,100,19.57
615,Santa Isabel,BR,2022-09-28 21:53:27,-23.3156,-46.2214,58.3,97,100,7.92
616,San Giorgio Del Sannio,IT,2022-09-28 21:53:28,41.0696,14.8522,63.19,99,100,7.87
617,Roald,NO,2022-09-28 21:53:29,62.5833,6.1333,56.34,87,48,6.91
618,Rabak,SD,2022-09-28 21:53:30,13.1809,32.74,84.9,48,81,9.35
619,Phonhong,LA,2022-09-28 21:53:30,18.5007,102.4166,72.5,93,100,3.02
620,Rancho Palos Verdes,US,2022-09-28 21:53:22,33.7445,-118.387,96.94,78,8,11.01
621,Metro,ID,2022-09-28 21:53:31,-5.1131,105.3067,74.14,91,95,4.5
622,Yatou,CN,2022-09-28 21:53:32,37.15,122.3833,61.99,86,6,5.57
623,Guadalupe Victoria,MX,2022-09-28 21:53:33,32.2869,-115.105,105.94,31,0,14.99
624,Jalu,LY,2022-09-28 21:53:33,29.0331,21.5482,88.0,21,0,7.49
625,Tazovskiy,RU,2022-09-28 21:53:34,67.4667,78.7,25.43,87,33,9.4
626,Batalha,BR,2022-09-28 21:53:35,-9.6778,-37.1247,72.73,78,30,9.55
627,Praia Da Vitoria,PT,2022-09-28 21:51:29,38.7333,-27.0667,70.05,78,40,13.33
628,Richards Bay,ZA,2022-09-28 21:53:36,-28.783,32.0377,69.49,88,7,6.49
629,Iquitos,PE,2022-09-28 21:53:36,-3.7481,-73.2472,95.04,43,20,5.75
630,Bay Roberts,CA,2022-09-28 21:50:01,47.5999,-53.2648,69.55,96,100,4.0
631,Tikrit,IQ,2022-09-28 21:53:37,34.6071,43.6782,77.38,25,0,12.57
632,Nantucket,US,2022-09-28 21:53:38,41.2835,-70.0995,69.91,60,100,14.56
633,Odweyne,SO,2022-09-28 21:53:38,9.4092,45.064,78.26,50,81,12.88
634,Galveston,US,2022-09-28 21:53:39,29.3669,-94.9669,89.06,35,0,4.61
635,Shimoda,JP,2022-09-28 21:53:40,34.6667,138.95,68.11,80,92,3.67
636,Broome,US,2022-09-28 21:53:40,42.2506,-75.833,58.69,84,78,5.99
637,Waddan,LY,2022-09-28 21:53:41,29.1614,16.139,86.68,30,11,7.47
638,Les Cayes,HT,2022-09-28 21:53:41,18.2,-73.75,82.94,74,75,4.88
639,Cockburn Town,TC,2022-09-28 21:51:49,21.4612,-71.1419,82.54,75,5,16.58
640,Zheleznodorozhnyy,RU,2022-09-28 21:53:42,55.7503,38.0042,48.36,79,100,4.72
641,Dongsheng,CN,2022-09-28 21:53:43,39.8161,109.9776,58.14,44,11,9.93
642,Indiana,US,2022-09-28 21:54:13,40.0003,-86.2503,61.97,55,75,6.91
643,Madingou,CG,2022-09-28 21:54:45,-4.1536,13.55,78.71,63,50,2.17
644,Ariquemes,BR,2022-09-28 21:51:12,-9.9133,-63.0408,87.12,49,67,1.72
645,Mentougou,CN,2022-09-28 21:54:46,39.9392,116.0917,56.34,55,0,2.1
646,Marabba,SD,2022-09-28 21:54:46,12.35,32.1833,83.03,53,52,7.99
647,Great Bend,US,2022-09-28 21:54:47,38.3645,-98.7648,79.03,32,0,16.11
648,Aden,YE,2022-09-28 21:54:48,12.7794,45.0367,87.22,68,28,4.59
649,Gasa,PS,2022-09-28 21:54:48,31.5,34.4667,76.59,66,0,5.39
650,Gogrial,SS,2022-09-28 21:54:49,8.5332,28.1004,73.6,85,63,0.89
651,Kaka,TM,2022-09-28 21:54:50,37.3482,59.6143,67.84,28,0,6.24
652,Katangli,RU,2022-09-28 21:54:50,51.7102,143.2326,38.75,77,1,12.53
653,San Patricio,US,2022-09-28 21:54:51,28.017,-97.5169,89.17,33,1,14.81
654,Inhambane,MZ,2022-09-28 21:54:52,-23.865,35.3833,72.3,69,52,9.31
655,Severo-Yeniseyskiy,RU,2022-09-28 21:54:52,60.3725,93.0408,26.89,90,100,7.65
656,Troitskoye,RU,2022-09-28 21:54:53,52.9821,84.6757,31.51,87,100,4.0
657,Zelenoborsk,RU,2022-09-28 21:54:53,61.4669,64.0333,25.21,90,33,4.5
658,Nhulunbuy,AU,2022-09-28 21:54:54,-12.2333,136.7667,79.41,78,40,13.8
659,Riverton,US,2022-09-28 21:54:55,40.5219,-111.9391,83.55,34,0,9.22
660,Zuenoula,CI,2022-09-28 21:54:55,7.4292,-6.0431,71.53,98,100,8.19
661,San Andres,CO,2022-09-28 21:54:56,12.5847,-81.7006,86.02,74,40,2.3
662,Iberia,US,2022-09-28 21:54:56,29.9502,-91.7507,83.03,38,0,15.55
663,Mogadishu,SO,2022-09-28 21:51:00,2.0371,45.3438,77.34,84,97,19.08
664,Jayanca,PE,2022-09-28 21:54:57,-6.3908,-79.8219,73.29,55,50,12.88
665,Cuauhtemoc,MX,2022-09-28 21:53:02,28.4167,-106.8667,65.73,58,71,13.24
666,Altay,CN,2022-09-28 21:54:58,47.8667,88.1167,45.59,79,100,4.5
667,Mingshui,CN,2022-09-28 21:54:59,36.7167,117.5,64.74,54,0,8.25
668,Takoradi,GH,2022-09-28 21:55:00,4.8845,-1.7554,75.9,90,99,8.55
669,Juruti,BR,2022-09-28 21:55:00,-2.1522,-56.0922,90.03,37,78,5.35
670,Zapolyarnyy,RU,2022-09-28 21:55:01,69.4154,30.8136,43.88,89,64,8.14
671,Keuruu,FI,2022-09-28 21:55:02,62.2667,24.7,44.78,91,34,6.58
672,Mendoza,AR,2022-09-28 21:55:03,-32.8908,-68.8272,60.33,51,75,12.66
673,Vysokogornyy,RU,2022-09-28 21:55:03,50.1167,139.15,37.04,93,13,2.62
674,Morro Bay,US,2022-09-28 21:50:50,35.3658,-120.8499,99.93,43,9,7.0
675,Tual,ID,2022-09-28 21:55:05,-5.6667,132.75,82.29,73,39,7.38
676,Epernay,FR,2022-09-28 21:55:05,49.05,3.95,50.29,76,77,2.75
677,Henties Bay,NA,2022-09-28 21:55:06,-22.116,14.2845,55.31,90,0,1.95
678,Flinders,AU,2022-09-28 21:55:07,-34.5833,150.8552,58.17,88,87,10.0
679,Issoudun,FR,2022-09-28 21:55:07,47.0,1.8333,52.45,93,75,5.75
680,Petropavlovsk-Kamchatskiy,RU,2022-09-28 21:55:08,53.0452,158.6483,37.99,87,75,6.71
681,Killin,US,2022-09-28 21:55:08,33.6123,-91.7412,80.1,28,0,10.0
